frame,frameMs,presentMs
1,6.488500000,6.364600000
2,8.647400000,8.469800000
3,11.010400000,10.476000000
4,11.227600000,10.838000000
5,10.520300000,9.979100000
6,15.241700000,15.090700000
7,9.223400000,9.069800000
8,10.376600000,10.221900000
9,11.621300000,11.125500000
10,9.349000000,9.221900000
11,12.615100000,11.626000000
12,11.588000000,11.484400000
13,14.044300000,13.891700000
14,10.711500000,9.739000000
15,10.453100000,10.170300000
16,8.446300000,7.165100000
17,9.955800000,9.744300000
18,12.721800000,12.477600000
19,12.364600000,11.946900000
20,7.934400000,7.721800000
21,11.872400000,11.571300000
22,11.882800000,11.340600000
23,12.376600000,11.875000000
24,9.343200000,9.188000000
25,12.819800000,12.708900000
26,10.527600000,10.118700000
27,11.765100000,11.553100000
28,9.906800000,5.944800000
29,13.489600000,13.236500000
30,15.075000000,5.653100000
31,6.017100000,5.507800000
32,9.963600000,9.487000000
33,11.867700000,11.638000000
34,12.159400000,11.901000000
35,7.904700000,7.116700000
36,12.540100000,12.441600000
37,12.456200000,12.196400000
38,11.874500000,11.031800000
39,9.181200000,9.045800000
40,10.684900000,10.561900000
41,11.913100000,11.801500000
42,14.744200000,14.571900000
43,6.390100000,6.115600000
44,12.864600000,12.438600000
45,10.118800000,9.795400000
46,10.705200000,9.986500000
47,10.861900000,10.663500000
48,10.030800000,9.924500000
49,13.470800000,12.725000000
50,11.051100000,10.807200000
51,10.187500000,9.305700000
52,11.880700000,11.150500000
53,12.887000000,12.670800000
54,9.559300000,8.635900000
55,10.487000000,10.353600000
56,10.914600000,10.813000000
57,10.334900000,10.146300000
58,14.908300000,14.801000000
59,7.488000000,7.357800000
60,11.738600000,11.482800000
61,11.563500000,11.193200000
62,12.397900000,12.276600000
63,9.804700000,9.647900000
64,9.484400000,9.311400000
65,12.925000000,12.669300000
66,10.821900000,10.622900000
67,9.485400000,9.343700000
68,13.265600000,12.749500000
69,11.222900000,10.854700000
70,11.207300000,11.058800000
71,9.954700000,9.452600000
72,9.775000000,9.535900000
73,13.790100000,13.593800000
74,12.710400000,12.250000000
75,6.289600000,6.089000000
76,11.685400000,11.591600000
77,10.629200000,10.377600000
78,12.772900000,12.652600000
79,10.819800000,10.676000000
80,13.758900000,13.575000000
81,10.072900000,9.919700000
82,9.843700000,9.717700000
83,13.340100000,13.109900000
84,15.720900000,9.479200000
85,4.828100000,4.634400000
86,10.203100000,10.081200000
87,11.021900000,10.691100000
88,10.087500000,9.960900000
89,14.641100000,14.448400000
90,10.176600000,9.843800000
91,10.012500000,9.912500000
92,9.667700000,9.343700000
93,13.200000000,13.078700000
94,12.471900000,12.314600000
95,9.147400000,9.013600000
96,11.593200000,11.409400000
97,11.213000000,10.834300000
98,15.742200000,15.437500000
99,6.057300000,5.859900000
100,10.895300000,10.770800000
101,10.925600000,10.812500000
102,12.021300000,11.825500000
103,9.988500000,9.855700000
104,9.850600000,9.570300000
105,13.131700000,12.945300000
106,15.024000000,13.498400000
107,6.924000000,6.553200000
108,10.271300000,10.139100000
109,13.657300000,13.535400000
110,7.155700000,6.858800000
111,11.711500000,11.535900000
112,12.431200000,12.287500000
113,11.718300000,11.612500000
114,11.029700000,10.895300000
115,10.639500000,10.516100000
116,11.083400000,10.664100000
117,11.791100000,11.547900000
118,11.676100000,11.565100000
119,10.400500000,10.263000000
120,9.373400000,9.250000000
121,11.739100000,11.627600000
122,12.723400000,12.004700000
123,10.871400000,10.518300000
124,9.023400000,8.908300000
125,13.260900000,13.154600000
126,10.956800000,10.820300000
127,10.922900000,10.479100000
128,9.111500000,9.007800000
129,12.715100000,12.478600000
130,13.404200000,13.228600000
131,9.697900000,8.869300000
132,13.245300000,12.929700000
133,11.443700000,11.303100000
134,9.756800000,9.202100000
135,9.259400000,9.085900000
136,10.846900000,10.730700000
137,10.536900000,10.429600000
138,12.551100000,11.967100000
139,10.823400000,10.656300000
140,14.531800000,14.122900000
141,6.552600000,6.233300000
142,14.096900000,13.383800000
143,9.784900000,9.324000000
144,9.905200000,7.247900000
145,11.448400000,11.285900000
146,10.969800000,10.706200000
147,10.058900000,9.950000000
148,13.823400000,13.700500000
149,10.885900000,10.000500000
150,10.342200000,6.957800000
151,10.506300000,10.356700000
152,12.249500000,12.094200000
153,10.019700000,9.894300000
154,13.725600000,13.467700000
155,9.184300000,5.855300000
156,10.027100000,9.905700000
157,11.389600000,11.185400000
158,16.610400000,16.496400000
159,11.741700000,11.637500000
160,4.938000000,4.819200000
161,12.227100000,11.672400000
162,10.690100000,10.499500000
163,11.084900000,10.497400000
164,11.057800000,10.925500000
165,10.362000000,10.162500000
166,12.033300000,11.736500000
167,10.382800000,10.167200000
168,11.427600000,11.148400000
169,16.157300000,16.011500000
170,5.949500000,5.775000000
171,11.285400000,11.138500000
172,10.182800000,10.069200000
173,13.079200000,12.755700000
174,8.620300000,7.572900000
175,11.713000000,10.977600000
176,10.017700000,9.712000000
177,12.179700000,12.070800000
178,13.608900000,12.725500000
179,9.432800000,8.762000000
180,10.532800000,10.278100000
181,12.255700000,12.073000000
182,11.462000000,11.112000000
183,9.342700000,9.230700000
184,11.480200000,11.227600000
185,12.034900000,11.654200000
186,10.979200000,10.849000000
187,8.869800000,8.607800000
188,11.518700000,11.277000000
189,16.791200000,16.379700000
190,6.838500000,6.664000000
191,10.792200000,10.598900000
192,11.567700000,11.430200000
193,14.145900000,13.992200000
194,11.784300000,9.625000000
195,6.042700000,5.911500000
196,10.802600000,10.496900000
197,12.916200000,11.819800000
198,11.567200000,11.039100000
199,9.013500000,8.900500000
200,11.161500000,10.986000000
201,11.538500000,11.355200000
202,11.500000000,11.143200000
203,11.601100000,11.343200000
204,11.305200000,10.607800000
205,12.201500000,12.031300000
206,14.070900000,13.816700000
207,5.831700000,5.705700000
208,13.236000000,13.118200000
209,11.296300000,11.176000000
210,10.838000000,10.434900000
211,10.021400000,9.893800000
212,10.869300000,10.741700000
213,11.476500000,10.292700000
214,11.245300000,10.289600000
215,9.672400000,9.108400000
216,12.244800000,11.607800000
217,17.040100000,16.875500000
218,5.519800000,5.210900000
219,10.463100000,10.347300000
220,11.434300000,11.032900000
221,14.468800000,14.349400000
222,9.030700000,7.584400000
223,9.772400000,9.270300000
224,11.578100000,11.465600000
225,11.656300000,11.371900000
226,9.038000000,8.845300000
227,10.421900000,10.169300000
228,13.460900000,13.285400000
229,9.180200000,8.944200000
230,11.125500000,10.537000000
231,12.269300000,12.168800000
232,11.180700000,11.017700000
233,10.590700000,10.214600000
234,15.319200000,15.056800000
235,7.218800000,6.490600000
236,12.059400000,11.913000000
237,11.118200000,11.007300000
238,11.253100000,11.038000000
239,8.911000000,8.776000000
240,11.449400000,11.356300000
241,13.201600000,12.901100000
242,13.533800000,12.947900000
243,7.928700000,7.807300000
244,10.396300000,10.293700000
245,12.533900000,12.346400000
246,11.125000000,10.995800000
247,8.403100000,7.775600000
248,13.033900000,12.951600000
249,13.695300000,13.566200000
250,6.292700000,5.801500000
251,13.840100000,13.550600000
252,10.610400000,10.364000000
253,9.288600000,9.198500000
254,13.030700000,12.714600000
255,13.053600000,12.635400000
256,8.377100000,5.982300000
257,11.887000000,11.773500000
258,13.999000000,13.676100000
259,8.861400000,6.370800000
260,10.142200000,9.921300000
261,10.865100000,10.758300000
262,12.902100000,12.796900000
263,8.543700000,8.125000000
264,11.447400000,10.510400000
265,18.676600000,18.391200000
266,11.869300000,9.005800000
267,6.617200000,6.144300000
268,8.992100000,8.560900000
269,9.003200000,8.875000000
270,14.350500000,14.070300000
271,9.183800000,8.253700000
272,10.637500000,10.529600000
273,17.054200000,16.837000000
274,7.372400000,7.212500000
275,8.942700000,8.785900000
276,11.629200000,11.409900000
277,11.593700000,11.357300000
278,12.585500000,12.469200000
279,7.996800000,6.743700000
280,13.895900000,13.768200000
281,8.792700000,8.592700000
282,12.722400000,12.325500000
283,10.525000000,10.375000000
284,11.280200000,11.136900000
285,11.701000000,11.502600000
286,11.524000000,11.377000000
287,8.863000000,8.565600000
288,11.611500000,11.519800000
289,11.982800000,11.782300000
290,10.329100000,9.379100000
291,14.995300000,14.859900000
292,6.617200000,6.228100000
293,12.008400000,11.884900000
294,11.245300000,10.966700000
295,10.500500000,10.031800000
296,11.242700000,11.049000000
297,9.700500000,9.598400000
298,12.782800000,12.483300000
299,9.489100000,9.379700000
300,13.402100000,12.492700000
301,10.758800000,9.271900000
302,13.167700000,12.226600000
303,7.696400000,7.176000000
304,11.223400000,11.016700000
305,13.930200000,13.821400000
306,10.753200000,9.113000000
307,9.276500000,8.286500000
308,11.519300000,11.351600000
309,11.108900000,10.948900000
310,13.597900000,13.343700000
311,8.381200000,8.139100000
312,10.824500000,10.455200000
313,13.728700000,13.609900000
314,11.740100000,10.738100000
315,7.564500000,6.306800000
316,11.434400000,11.339000000
317,10.263600000,9.823500000
318,13.198400000,12.778700000
319,10.693200000,9.997900000
320,10.140100000,9.902000000
321,10.431800000,10.273400000
322,12.006200000,11.887000000
323,15.051600000,14.802600000
324,10.405200000,10.273500000
325,8.758400000,8.376000000
326,9.393200000,9.229200000
327,10.675500000,10.047400000
328,12.341100000,11.531200000
329,12.661000000,12.549000000
330,9.676500000,9.525000000
331,9.570400000,9.392200000
332,12.602000000,12.335900000
333,13.135500000,12.611900000
334,8.901000000,8.675000000
335,9.612000000,9.495400000
336,13.079100000,12.598900000
337,10.563600000,10.442700000
338,13.827600000,13.599500000
339,10.549000000,10.146300000
340,8.941100000,7.797400000
341,10.412000000,10.176600000
342,12.865100000,12.752600000
343,9.025000000,8.904200000
344,11.031800000,10.474000000
345,16.305200000,16.028100000
346,15.218200000,14.313000000
347,4.772900000,4.567700000
348,8.197900000,7.990100000
349,12.783900000,12.459400000
350,12.282800000,12.170800000
351,8.688500000,8.561400000
352,11.142200000,10.718700000
353,12.178700000,11.931700000
354,15.703100000,15.078100000
355,7.466100000,6.054700000
356,8.427100000,8.011400000
357,12.386000000,11.453600000
358,14.647900000,14.504700000
359,7.426000000,7.321400000
360,11.427600000,11.208300000
361,10.989600000,10.874000000
362,10.424000000,10.256300000
363,12.305700000,11.865100000
364,8.671300000,8.166700000
365,13.045900000,12.960400000
366,10.944800000,10.776600000
367,9.370300000,9.256800000
368,14.147400000,13.962000000
369,15.843700000,8.242200000
370,12.723500000,4.408900000
371,5.696800000,4.732900000
372,8.527600000,8.339000000
373,13.127600000,12.938500000
374,10.548500000,10.154700000
375,10.295800000,9.900500000
376,11.445300000,11.145800000
377,10.597900000,10.458800000
378,11.525000000,11.350000000
379,10.955800000,10.850500000
380,11.002600000,10.869800000
381,10.570300000,10.402100000
382,11.953100000,11.810400000
383,10.625500000,10.320300000
384,11.163600000,11.049500000
385,15.259400000,15.031200000
386,7.717100000,6.133300000
387,10.229700000,10.067700000
388,11.881300000,11.619300000
389,10.031800000,9.845300000
390,12.129100000,11.894300000
391,10.355200000,10.061900000
392,12.149000000,12.024000000
393,15.800000000,15.664600000
394,7.238500000,7.103600000
395,8.980800000,8.096400000
396,11.515600000,11.381800000
397,11.639000000,11.483400000
398,11.975000000,11.807800000
399,9.575000000,9.366600000
400,11.184900000,11.070300000
401,11.387500000,11.169300000
402,11.474500000,11.297400000
403,10.316200000,9.270300000
404,11.867200000,11.757200000
405,11.143700000,10.903700000
406,11.373400000,11.127100000
407,9.612500000,9.506200000
408,13.248500000,12.875000000
409,9.726500000,4.849400000
410,12.319300000,11.859400000
411,10.951100000,10.374000000
412,10.470300000,10.313600000
413,12.412500000,12.302600000
414,9.681700000,9.525000000
415,10.492700000,10.107300000
416,11.667800000,11.515100000
417,12.451000000,12.281300000
418,8.078100000,6.916700000
419,11.594800000,11.448400000
420,11.183300000,11.043700000
421,12.798000000,12.044800000
422,10.183300000,10.014600000
423,11.224500000,10.611500000
424,11.900000000,11.762000000
425,10.421800000,10.243200000
426,12.643800000,12.387000000
427,13.592700000,12.740600000
428,7.722900000,6.856800000
429,10.304700000,9.538000000
430,11.180700000,11.064600000
431,10.918300000,10.734900000
432,10.895300000,10.796900000
433,11.450000000,11.321900000
434,13.545800000,13.206300000
435,8.650000000,7.978100000
436,10.488600000,10.388000000
437,16.672900000,15.963000000
438,10.809900000,10.665600000
439,7.946800000,6.754600000
440,17.986500000,17.853100000
441,6.374500000,6.263100000
442,8.922900000,6.592200000
443,9.270800000,9.151000000
444,11.486500000,11.375500000
445,11.048900000,10.605200000
446,11.869300000,10.686400000
447,10.372400000,10.079100000
448,11.411500000,11.278700000
449,11.348900000,11.208300000
450,12.507800000,12.388000000
451,10.190100000,10.035400000
452,9.411500000,9.243200000
453,16.138000000,16.030200000
454,4.938000000,4.739100000
455,13.308900000,13.209900000
456,10.475000000,10.335900000
457,11.909900000,11.763500000
458,14.196900000,14.083400000
459,8.467200000,8.029200000
460,10.031700000,9.924400000
461,11.301600000,11.125600000
462,12.259400000,11.863500000
463,11.493200000,10.526100000
464,11.517200000,9.630200000
465,12.457300000,12.085500000
466,8.170800000,7.995300000
467,9.944800000,9.743200000
468,12.104700000,11.930700000
469,11.598400000,11.465100000
470,11.152600000,10.181200000
471,9.877100000,9.754700000
472,11.921400000,11.810500000
473,13.382300000,13.037500000
474,10.088000000,6.605200000
475,9.234900000,7.977600000
476,12.081700000,11.998400000
477,11.391700000,11.245300000
478,10.778100000,10.675500000
479,9.656800000,9.460900000
480,11.855700000,11.741100000
481,11.300600000,11.214100000
482,13.925500000,13.676100000
483,10.055200000,9.118700000
484,9.659400000,9.547900000
485,10.670800000,10.538500000
486,12.206800000,12.025600000
487,10.704100000,10.534400000
488,9.269800000,9.125500000
489,13.726600000,12.763600000
490,11.862000000,11.738500000
491,9.015100000,6.494800000
492,12.461400000,12.159800000
493,10.187500000,9.585900000
494,11.041200000,9.601100000
495,9.819800000,9.693700000
496,13.235900000,13.130200000
497,11.001600000,10.897400000
498,10.398900000,10.255700000
499,10.486000000,10.322400000
500,10.038500000,9.810400000
501,11.683300000,11.593200000
502,11.887000000,11.614000000
503,9.729200000,9.615100000
504,13.601500000,13.481300000
505,10.777700000,10.293700000
506,10.478600000,9.720300000
507,10.805700000,10.576500000
508,10.907300000,10.805200000
509,12.388000000,12.191100000
510,10.820900000,10.691700000
511,9.983800000,9.372400000
512,12.144800000,11.879200000
513,12.802600000,12.654700000
514,9.166200000,7.558300000
515,12.207800000,12.102600000
516,18.421900000,14.372400000
517,8.089500000,7.818200000
518,5.643800000,5.449000000
519,10.782300000,10.658900000
520,9.921900000,9.560400000
521,14.454600000,13.558900000
522,11.063600000,10.665700000
523,8.598400000,8.474500000
524,11.454200000,10.943200000
525,11.458800000,11.357900000
526,10.996400000,10.870300000
527,11.144300000,10.904600000
528,11.546300000,11.360400000
529,12.021900000,11.787000000
530,10.687500000,10.374000000
531,9.790600000,9.686400000
532,11.247900000,11.131200000
533,12.003700000,11.829200000
534,11.379700000,11.207200000
535,8.909900000,8.771900000
536,12.954100000,12.184400000
537,10.733400000,9.351000000
538,15.520800000,15.380700000
539,9.519800000,6.932300000
540,16.141700000,15.944800000
541,3.404100000,0.851000000
542,10.834900000,10.606200000
543,19.904200000,19.635900000
544,4.244800000,4.013500000
545,10.521900000,10.427600000
546,10.290600000,10.109400000
547,12.020300000,11.828100000
548,9.634900000,9.293300000
549,11.294300000,11.118300000
550,12.850500000,12.702600000
551,7.653600000,6.862500000
552,12.545900000,12.376600000
553,11.303600000,11.214600000
554,11.731800000,10.425500000
555,10.331200000,10.153600000
556,9.692700000,9.457800000
557,12.442700000,12.270300000
558,11.984400000,11.565600000
559,12.520300000,12.387500000
560,9.738600000,9.174000000
561,10.200500000,9.818200000
562,13.260900000,13.129200000
563,9.304200000,9.029700000
564,11.397900000,11.154700000
565,10.499500000,10.339100000
566,11.005700000,10.777600000
567,10.869800000,10.573400000
568,12.108900000,11.618200000
569,11.621800000,11.329700000
570,10.388100000,10.248900000
571,11.088000000,10.702100000
572,8.975000000,8.859900000
573,12.968200000,12.448900000
574,12.460400000,12.180700000
575,10.340100000,10.162500000
576,9.494800000,9.280200000
577,15.296400000,15.082900000
578,5.922400000,5.790700000
579,12.743700000,12.536400000
580,11.225500000,11.073400000
581,11.982900000,11.845900000
582,11.407800000,11.142200000
583,9.735900000,9.629700000
584,11.372900000,11.264600000
585,11.861000000,11.127600000
586,11.806200000,11.417200000
587,11.364600000,11.183400000
588,9.490100000,9.229700000
589,11.801000000,11.679600000
590,11.530300000,10.658300000
591,7.945800000,4.881200000
592,13.600500000,13.349000000
593,12.841700000,12.409900000
594,11.931700000,11.627600000
595,8.520400000,7.892200000
596,10.706700000,10.608300000
597,10.162000000,9.840100000
598,12.499500000,11.593200000
599,9.821300000,9.647900000
600,12.611500000,12.046400000
601,11.046400000,10.466600000
602,10.875500000,10.166100000
603,10.400000000,10.292200000
604,13.983800000,13.870300000
605,9.929700000,6.883300000
606,12.256300000,12.046900000
607,8.095300000,7.800000000
608,12.101000000,11.776500000
609,12.103700000,11.963500000
610,11.314000000,9.201500000
611,9.294800000,7.317200000
612,10.537500000,10.133800000
613,13.614100000,12.877600000
614,14.385400000,14.210400000
615,6.556200000,6.458800000
616,9.357900000,9.247400000
617,12.704600000,12.192700000
618,12.433400000,11.909900000
619,9.397900000,9.266700000
620,10.000500000,9.899400000
621,14.580700000,14.129700000
622,9.305800000,6.522400000
623,10.815600000,10.640100000
624,11.307800000,11.194800000
625,10.187500000,10.082300000
626,12.684900000,12.297900000
627,11.120800000,10.992200000
628,11.253700000,11.073900000
629,10.842700000,10.549000000
630,11.861500000,11.585900000
631,8.780700000,8.635400000
632,11.318700000,10.828600000
633,12.738100000,12.361900000
634,11.330700000,6.467700000
635,9.918700000,9.319300000
636,11.012000000,10.903700000
637,12.423500000,12.160400000
638,9.722900000,9.346900000
639,10.532300000,10.354700000
640,11.957800000,11.813500000
641,17.121800000,16.700500000
642,3.747400000,3.429200000
643,12.334400000,12.112500000
644,11.022400000,10.814100000
645,9.955700000,9.832800000
646,13.096900000,12.898900000
647,9.761500000,9.349500000
648,11.573400000,11.464100000
649,11.988000000,11.846900000
650,10.833900000,10.669300000
651,11.826000000,11.618700000
652,9.474000000,9.244800000
653,12.237500000,12.081800000
654,12.546900000,12.117700000
655,10.648400000,10.418800000
656,9.781800000,9.574000000
657,12.568200000,12.447400000
658,10.489100000,10.157300000
659,9.998900000,9.790100000
660,11.370900000,11.124500000
661,11.357800000,11.219700000
662,13.944200000,13.117200000
663,7.991200000,7.865600000
664,10.191700000,10.057300000
665,11.638000000,11.561000000
666,11.941100000,10.958300000
667,10.616200000,10.500500000
668,8.100500000,7.959900000
669,15.588500000,15.362000000
670,14.369300000,9.439100000
671,6.421900000,6.054600000
672,11.665600000,11.525000000
673,11.140600000,10.396900000
674,10.148500000,9.998400000
675,10.712500000,10.578600000
676,11.846300000,11.707300000
677,10.855700000,10.340600000
678,13.415700000,12.777600000
679,10.066100000,7.417200000
680,10.329700000,10.191200000
681,10.520800000,10.113500000
682,11.442200000,11.326600000
683,11.458400000,11.012500000
684,14.093200000,13.760400000
685,8.154200000,6.375500000
686,13.594200000,13.012000000
687,9.158900000,8.953700000
688,10.094200000,9.988500000
689,10.754200000,10.627600000
690,12.137000000,11.287000000
691,11.592200000,10.003100000
692,10.158800000,10.009400000
693,11.839600000,11.720300000
694,11.109400000,10.883400000
695,9.938500000,9.809900000
696,11.327600000,11.208300000
697,10.728200000,10.531700000
698,12.116600000,11.926600000
699,11.621900000,11.339600000
700,10.275500000,10.047400000
701,14.919300000,14.821900000
702,7.919300000,7.110500000
703,12.671300000,12.061500000
704,8.400500000,7.584900000
705,11.769800000,11.623400000
706,11.984400000,11.818200000
707,14.044300000,13.321800000
708,5.120300000,5.005200000
709,12.633800000,12.215100000
710,13.112000000,12.335900000
711,10.698500000,10.467700000
712,9.359300000,8.676500000
713,11.946900000,11.827100000
714,13.201600000,12.777100000
715,8.107800000,7.515600000
716,11.477600000,11.368800000
717,9.965100000,9.820900000
718,14.402100000,14.093300000
719,9.394800000,9.247900000
720,10.342200000,10.052600000
721,11.642700000,11.515100000
722,11.928100000,11.811900000
723,11.526000000,11.266200000
724,9.562000000,9.378600000
725,11.589100000,11.461000000
726,11.048400000,10.870800000
727,10.637000000,10.505800000
728,11.792200000,11.681300000
729,12.309400000,12.180700000
730,9.802600000,9.386500000
731,11.044200000,10.926600000
732,10.726100000,10.508900000
733,11.560900000,11.456800000
734,14.368200000,14.238000000
735,7.064100000,6.935400000
736,11.122900000,10.522400000
737,11.638000000,11.366100000
738,11.994300000,11.712500000
739,11.169800000,10.862500000
740,11.755200000,11.563000000
741,12.262500000,11.788000000
742,10.057300000,7.910400000
743,11.045300000,10.922900000
744,11.212000000,11.014000000
745,10.825000000,10.719700000
746,10.176600000,9.746800000
747,10.777000000,10.710400000
748,10.768800000,10.643800000
749,13.240600000,12.809900000
750,9.812500000,9.024000000
751,10.705700000,10.248400000
752,9.864600000,9.736500000
753,12.627600000,12.406300000
754,11.818300000,11.325500000
755,10.380700000,10.236000000
756,11.077100000,10.785400000
757,10.185400000,9.993200000
758,12.000000000,11.883900000
759,10.771900000,10.643700000
760,11.509900000,11.365600000
761,17.756200000,16.555200000
762,13.311500000,13.121800000
763,4.430700000,4.358400000
764,7.959900000,7.129700000
765,12.125000000,11.885400000
766,10.434900000,9.995300000
767,10.414600000,10.159400000
768,11.812500000,11.697900000
769,13.396300000,13.256300000
770,9.219300000,8.580200000
771,10.496400000,9.987500000
772,10.323900000,10.203100000
773,13.536500000,13.028600000
774,10.325500000,10.127600000
775,11.888500000,11.438000000
776,8.895300000,8.764000000
777,14.130800000,13.882200000
778,8.719200000,7.696800000
779,11.319300000,11.209900000
780,10.490600000,10.307800000
781,11.556800000,11.393800000
782,13.175000000,13.027600000
783,8.811500000,8.665100000
784,10.428600000,10.095300000
785,12.296400000,12.166600000
786,12.503100000,12.379600000
787,9.329700000,8.679200000
788,11.332300000,11.101600000
789,11.734900000,11.613000000
790,14.430700000,14.293200000
791,5.605700000,5.503100000
792,12.354200000,11.914500000
793,12.286500000,12.142700000
794,9.830200000,9.709400000
795,12.170800000,11.974400000
796,10.231200000,10.062000000
797,13.434900000,13.330200000
798,10.473000000,9.991200000
799,9.827000000,9.648900000
800,10.600600000,10.434900000
801,12.036400000,11.895300000
802,11.131800000,11.006800000
803,8.777100000,8.474000000
804,12.863000000,12.003100000
805,13.118700000,12.754700000
806,11.066200000,10.948500000
807,10.251600000,10.105200000
808,9.743700000,9.566600000
809,14.767200000,14.645900000
810,8.509400000,4.463000000
811,10.484300000,10.362500000
