pointer_bits	64

backbuffer_format	21

texture_format	21

pixel	pool0_alpha0_mode0	00336699	00336699	1	hr=00000000

pixel	pool0_alpha0_mode1	ff204060	ff204060	1	hr=00000000

pixel	pool0_alpha0_mode2	ff204060	ff204060	1	hr=00000000

pixel	pool0_alpha0_mode3	00204060	00204060	1	hr=00000000

pixel	pool0_alpha0_cmp1	ff204060	ff204060	1	hr=00000000

pixel	pool0_alpha0_cmp2	00336699	00336699	1	hr=00000000

pixel	pool0_alpha0_cmp3	ff204060	ff204060	1	hr=00000000

pixel	pool0_alpha0_cmp4	00336699	00336699	1	hr=00000000

pixel	pool0_alpha0_cmp5	ff204060	ff204060	1	hr=00000000

pixel	pool0_alpha0_cmp6	00336699	00336699	1	hr=00000000

pixel	pool0_alpha0_cmp7	ff204060	ff204060	1	hr=00000000

pixel	pool0_alpha0_cmp8	00336699	00336699	1	hr=00000000

pixel	pool0_alpha128_mode0	80336699	80336699	1	hr=00000000

pixel	pool0_alpha128_mode1	bf2a537d	bf2a537d	1	hr=00000000

pixel	pool0_alpha128_mode2	80336699	80336699	1	hr=00000000

pixel	pool0_alpha128_mode3	802a537d	802a537d	1	hr=00000000

pixel	pool0_alpha128_cmp1	ff204060	ff204060	1	hr=00000000

pixel	pool0_alpha128_cmp2	ff204060	ff204060	1	hr=00000000

pixel	pool0_alpha128_cmp3	ff204060	ff204060	1	hr=00000000

pixel	pool0_alpha128_cmp4	ff204060	ff204060	1	hr=00000000

pixel	pool0_alpha128_cmp5	80336699	80336699	1	hr=00000000

pixel	pool0_alpha128_cmp6	80336699	80336699	1	hr=00000000

pixel	pool0_alpha128_cmp7	80336699	80336699	1	hr=00000000

pixel	pool0_alpha128_cmp8	80336699	80336699	1	hr=00000000

pixel	pool0_alpha255_mode0	ff336699	ff336699	1	hr=00000000

pixel	pool0_alpha255_mode1	ff336699	ff336699	1	hr=00000000

pixel	pool0_alpha255_mode2	ff336699	ff336699	1	hr=00000000

pixel	pool0_alpha255_mode3	ff336699	ff336699	1	hr=00000000

pixel	pool0_alpha255_cmp1	ff204060	ff204060	1	hr=00000000

pixel	pool0_alpha255_cmp2	ff204060	ff204060	1	hr=00000000

pixel	pool0_alpha255_cmp3	ff204060	ff204060	1	hr=00000000

pixel	pool0_alpha255_cmp4	ff204060	ff204060	1	hr=00000000

pixel	pool0_alpha255_cmp5	ff336699	ff336699	1	hr=00000000

pixel	pool0_alpha255_cmp6	ff336699	ff336699	1	hr=00000000

pixel	pool0_alpha255_cmp7	ff336699	ff336699	1	hr=00000000

pixel	pool0_alpha255_cmp8	ff336699	ff336699	1	hr=00000000

pixel	pool1_alpha0_mode0	00336699	00336699	1	hr=00000000

pixel	pool1_alpha0_mode1	ff204060	ff204060	1	hr=00000000

pixel	pool1_alpha0_mode2	ff204060	ff204060	1	hr=00000000

pixel	pool1_alpha0_mode3	00204060	00204060	1	hr=00000000

pixel	pool1_alpha0_cmp1	ff204060	ff204060	1	hr=00000000

pixel	pool1_alpha0_cmp2	00336699	00336699	1	hr=00000000

pixel	pool1_alpha0_cmp3	ff204060	ff204060	1	hr=00000000

pixel	pool1_alpha0_cmp4	00336699	00336699	1	hr=00000000

pixel	pool1_alpha0_cmp5	ff204060	ff204060	1	hr=00000000

pixel	pool1_alpha0_cmp6	00336699	00336699	1	hr=00000000

pixel	pool1_alpha0_cmp7	ff204060	ff204060	1	hr=00000000

pixel	pool1_alpha0_cmp8	00336699	00336699	1	hr=00000000

pixel	pool1_alpha128_mode0	80336699	80336699	1	hr=00000000

pixel	pool1_alpha128_mode1	bf2a537d	bf2a537d	1	hr=00000000

pixel	pool1_alpha128_mode2	80336699	80336699	1	hr=00000000

pixel	pool1_alpha128_mode3	802a537d	802a537d	1	hr=00000000

pixel	pool1_alpha128_cmp1	ff204060	ff204060	1	hr=00000000

pixel	pool1_alpha128_cmp2	ff204060	ff204060	1	hr=00000000

pixel	pool1_alpha128_cmp3	ff204060	ff204060	1	hr=00000000

pixel	pool1_alpha128_cmp4	ff204060	ff204060	1	hr=00000000

pixel	pool1_alpha128_cmp5	80336699	80336699	1	hr=00000000

pixel	pool1_alpha128_cmp6	80336699	80336699	1	hr=00000000

pixel	pool1_alpha128_cmp7	80336699	80336699	1	hr=00000000

pixel	pool1_alpha128_cmp8	80336699	80336699	1	hr=00000000

pixel	pool1_alpha255_mode0	ff336699	ff336699	1	hr=00000000

pixel	pool1_alpha255_mode1	ff336699	ff336699	1	hr=00000000

pixel	pool1_alpha255_mode2	ff336699	ff336699	1	hr=00000000

pixel	pool1_alpha255_mode3	ff336699	ff336699	1	hr=00000000

pixel	pool1_alpha255_cmp1	ff204060	ff204060	1	hr=00000000

pixel	pool1_alpha255_cmp2	ff204060	ff204060	1	hr=00000000

pixel	pool1_alpha255_cmp3	ff204060	ff204060	1	hr=00000000

pixel	pool1_alpha255_cmp4	ff204060	ff204060	1	hr=00000000

pixel	pool1_alpha255_cmp5	ff336699	ff336699	1	hr=00000000

pixel	pool1_alpha255_cmp6	ff336699	ff336699	1	hr=00000000

pixel	pool1_alpha255_cmp7	ff336699	ff336699	1	hr=00000000

pixel	pool1_alpha255_cmp8	ff336699	ff336699	1	hr=00000000

summary	checks=72	failures=0
