category	pc	rc	cases	bits	invalid	flags_fail
0	0	0	2032	90d20938bd2a937a	51b76f1a5b4a0203	0
1	0	0	16368	9fe157cda9eea8a9	5cc204240f1f4203	0
2	0	0	240	260939692fd36003	de571f277393c3a7	0
3	0	0	12000	e0df9fc461a18e0e	95e0910b2990a883	0
0	0	1	2032	90d20938bd2a937a	51b76f1a5b4a0203	0
1	0	1	16368	8d56f64473a453e8	5cc204240f1f4203	0
2	0	1	240	268fae0d3ecddddb	de571f277393c3a7	0
3	0	1	12000	5b086cd8449e9424	95e0910b2990a883	0
0	0	2	2032	90d20938bd2a937a	51b76f1a5b4a0203	0
1	0	2	16368	98bdb73597867e2a	5cc204240f1f4203	0
2	0	2	240	fffb76d682f4b30f	de571f277393c3a7	0
3	0	2	12000	c5e893d39ded3662	95e0910b2990a883	0
0	0	3	2032	90d20938bd2a937a	51b76f1a5b4a0203	0
1	0	3	16368	7f864602336b224d	5cc204240f1f4203	0
2	0	3	240	2ba485b96c993cd3	de571f277393c3a7	0
3	0	3	12000	230c93cb05e87344	95e0910b2990a883	0
0	2	0	2032	90d20938bd2a937a	51b76f1a5b4a0203	0
1	2	0	16368	9fe157cda9eea8a9	5cc204240f1f4203	0
2	2	0	240	260939692fd36003	de571f277393c3a7	0
3	2	0	12000	e0df9fc461a18e0e	95e0910b2990a883	0
0	2	1	2032	90d20938bd2a937a	51b76f1a5b4a0203	0
1	2	1	16368	8d56f64473a453e8	5cc204240f1f4203	0
2	2	1	240	268fae0d3ecddddb	de571f277393c3a7	0
3	2	1	12000	5b086cd8449e9424	95e0910b2990a883	0
0	2	2	2032	90d20938bd2a937a	51b76f1a5b4a0203	0
1	2	2	16368	98bdb73597867e2a	5cc204240f1f4203	0
2	2	2	240	fffb76d682f4b30f	de571f277393c3a7	0
3	2	2	12000	c5e893d39ded3662	95e0910b2990a883	0
0	2	3	2032	90d20938bd2a937a	51b76f1a5b4a0203	0
1	2	3	16368	7f864602336b224d	5cc204240f1f4203	0
2	2	3	240	2ba485b96c993cd3	de571f277393c3a7	0
3	2	3	12000	230c93cb05e87344	95e0910b2990a883	0
0	3	0	2032	90d20938bd2a937a	51b76f1a5b4a0203	0
1	3	0	16368	9fe157cda9eea8a9	5cc204240f1f4203	0
2	3	0	240	260939692fd36003	de571f277393c3a7	0
3	3	0	12000	e0df9fc461a18e0e	95e0910b2990a883	0
0	3	1	2032	90d20938bd2a937a	51b76f1a5b4a0203	0
1	3	1	16368	8d56f64473a453e8	5cc204240f1f4203	0
2	3	1	240	268fae0d3ecddddb	de571f277393c3a7	0
3	3	1	12000	5b086cd8449e9424	95e0910b2990a883	0
0	3	2	2032	90d20938bd2a937a	51b76f1a5b4a0203	0
1	3	2	16368	98bdb73597867e2a	5cc204240f1f4203	0
2	3	2	240	fffb76d682f4b30f	de571f277393c3a7	0
3	3	2	12000	c5e893d39ded3662	95e0910b2990a883	0
0	3	3	2032	90d20938bd2a937a	51b76f1a5b4a0203	0
1	3	3	16368	7f864602336b224d	5cc204240f1f4203	0
2	3	3	240	2ba485b96c993cd3	de571f277393c3a7	0
3	3	3	12000	230c93cb05e87344	95e0910b2990a883	0
complete=1 flags_fail=0
bench32	0	12.7828	3f923456
bench64	0	12.1625	3ff2468ac0000000
bench32	1	11.5969	3f923456
bench64	1	9.6073	3ff2468ac0000000
bench32	2	9.3974	3f923456
bench64	2	9.1323	3ff2468ac0000000
bench_complete=1
